format-check-api-client|0|2026-08-03T11:42:42Z|2026-08-03T11:42:42Z
typecheck|0|2026-08-03T11:42:42Z|2026-08-03T11:42:50Z
lint|0|2026-08-03T11:42:50Z|2026-08-03T11:42:54Z
format-check|0|2026-08-03T11:42:54Z|2026-08-03T11:42:57Z
test|0|2026-08-03T11:43:04Z|2026-08-03T11:43:19Z
generate-api-client|0|2026-08-03T11:43:45Z|2026-08-03T11:43:46Z
check-api-client-drift|0|2026-08-03T11:43:46Z|2026-08-03T11:43:47Z
typecheck-api-client|0|2026-08-03T11:43:47Z|2026-08-03T11:43:48Z
guard-ts-only|0|2026-08-03T11:43:48Z|2026-08-03T11:43:48Z
guard-interactive-nesting|0|2026-08-03T11:43:48Z|2026-08-03T11:43:48Z
guard-build-mode|0|2026-08-03T11:43:48Z|2026-08-03T11:43:49Z
guard-production-isolation|0|2026-08-03T11:43:49Z|2026-08-03T11:43:49Z
build|0|2026-08-03T11:43:49Z|2026-08-03T11:44:04Z
build-prototype|0|2026-08-03T11:44:04Z|2026-08-03T11:44:21Z
build-production|0|2026-08-03T11:44:21Z|2026-08-03T11:44:30Z
inspect-production-bundle|0|2026-08-03T11:44:30Z|2026-08-03T11:44:30Z
audit-policy|0|2026-08-03T11:44:30Z|2026-08-03T11:44:32Z
build-prototype-named|0|2026-08-03T11:48:04Z|2026-08-03T11:48:14Z
build-production-named|0|2026-08-03T11:48:14Z|2026-08-03T11:48:22Z
smoke-browser-ci|0|2026-08-03T11:48:22Z|2026-08-03T11:49:28Z
validate-firefox-native-zoom|0|2026-08-03T11:50:31Z|2026-08-03T11:50:58Z
